{
  "formatVersion": 1,
  "database": {
    "version": 1,
    "identityHash": "538ad64de3c313053f0e309e3ee0e944",
    "entities": [
      {
        "tableName": "aluno",
        "createSql": "CREATE TABLE IF NOT EXISTS `${TABLE_NAME}` (`id` INTEGER PRIMARY KEY AUTOINCREMENT, `nome` TEXT, `cpf` TEXT, `telefone` TEXT, `foto` BLOB)",
        "fields": [
          {
            "fieldPath": "id",
            "columnName": "id",
            "affinity": "INTEGER",
            "notNull": false
          },
          {
            "fieldPath": "nome",
            "columnName": "nome",
            "affinity": "TEXT",
            "notNull": false
          },
          {
            "fieldPath": "cpf",
            "columnName": "cpf",
            "affinity": "TEXT",
            "notNull": false
          },
          {
            "fieldPath": "telefone",
            "columnName": "telefone",
            "affinity": "TEXT",
            "notNull": false
          },
          {
            "fieldPath": "fotoBytes",
            "columnName": "foto",
            "affinity": "BLOB",
            "notNull": false
          }
        ],
        "primaryKey": {
          "autoGenerate": true,
          "columnNames": [
            "id"
          ]
        },
        "indices": [],
        "foreignKeys": []
      }
    ],
    "views": [],
    "setupQueries": [
      "CREATE TABLE IF NOT EXISTS room_master_table (id INTEGER PRIMARY KEY,identity_hash TEXT)",
      "INSERT OR REPLACE INTO room_master_table (id,identity_hash) VALUES(42, '538ad64de3c313053f0e309e3ee0e944')"
    ]
  }
}